{"0eac70b6-a85f-47b4-b77a-8f9d38ceb023":"/resources/res-6-013f21/data.json","11b4de4b-bae3-4cd3-a56c-a064393fb619":"/resources/res-6-013f21-th/data.json","1396b44f-24ae-40dd-bbcf-96d69861e838":"/resources/res6-013f21_presentation_slides2/data.json","9c4f37f8-ff0c-4d88-a46a-de0774fb7727":"/resources/res6-013f21_presentation_slides/data.json","9d0bfd59-b931-4de9-ba67-310b4fc5671c":"/resources/mitres6-013f21_ai_101-human_1/data.json","c3ebe2e5-59af-4c10-8ff0-2a3cb8978fb9":"/pages/video-and-supporting-materials/data.json","d0421184-7dd8-4484-9f7f-7e7af32a11d0":"/pages/supporting-materials/data.json"}