<?xml version="1.0" encoding="utf-8" standalone="yes"?>
<rss version="2.0" xmlns:atom="http://www.w3.org/2005/Atom">
  <channel>
    <title>Lecture Videos on MIT OpenCourseWare</title>
    <link>/resources/lecture-videos/</link>
    <description>Recent content in Lecture Videos on MIT OpenCourseWare</description>
    <generator>Hugo</generator>
    <language>en-us</language>
    <atom:link href="/resources/lecture-videos/index.xml" rel="self" type="application/rss+xml" />
    <item>
      <title>AI 101 with Brandon Leshchinskiy</title>
      <link>/resources/mitres6-013f21_ai_101-human_1/data.json</link>
      <pubDate>Mon, 01 Jan 0001 00:00:00 +0000</pubDate>
      <guid>/resources/mitres6-013f21_ai_101-human_1/data.json</guid>
      <description>&lt;p&gt;This is a video of Brandon Leshchinskiy&amp;rsquo;s presentation &amp;ldquo;AI 101,&amp;rdquo; which provides an introductory overview of the application of artificial intelligence in solving real-world problems: which tasks machine learning handles well, how it works, and what its shortcomings are.&lt;/p&gt;</description>
    </item>
  </channel>
</rss>
