{
  "title":"AI 101 with Brandon Leshchinskiy",
  "description": "",
  "file": "/courses/res-6-013-ai-101-fall-2021/mitres6-013f21_ai_101-human_1_360p_16_9.mp4",
  "learning_resource_types": ["Lecture Videos"],
  "resource_type": "Video",
  "file_type": "video/mp4",
  "youtube_key":  "KsHOdr5UYZ0",
  "captions_file": "/courses/res-6-013-ai-101-fall-2021/1ZvMVfJRSKhlCRrrHn8sAjie7-7ITPCW3_transcript.webvtt",
  "transcript_file": "/courses/res-6-013-ai-101-fall-2021/1ZvMVfJRSKhlCRrrHn8sAjie7-7ITPCW3_transcript.pdf",
  "thumbnail_file": "https://img.youtube.com/vi/KsHOdr5UYZ0/default.jpg",
  "archive_url": null}
