{
  "title":"RES-6-013f21.png",
  "description": "",
  "file": "/courses/res-6-013-ai-101-fall-2021/res-6-013f21.png",
  "learning_resource_types": [],
  "resource_type": "Image",
  "file_type": "image/png",
  "image_metadata": {"caption":"Classification of images is one common application of machine learning. (Image by MIT OpenCourseWare based on photos by [Andrea Pineda](https://www.flickr.com/photos/pine87/2787209562) (CC BY-NC-SA), [Driton Avdyli](https://www.flickr.com/photos/driton/2485380411) (CC BY-NC-SA), and [Tom Houslay](https://www.flickr.com/photos/tomhouslay/14962688165) (CC BY-NC), all on Flickr.)","credit":"","image-alt":""}}
