<?xml version="1.0" encoding="utf-8" standalone="yes"?>
<rss version="2.0" xmlns:atom="http://www.w3.org/2005/Atom">
  <channel>
    <title>Editable Files on MIT OpenCourseWare</title>
    <link>/resources/editable-files/</link>
    <description>Recent content in Editable Files on MIT OpenCourseWare</description>
    <generator>Hugo</generator>
    <language>en-us</language>
    <atom:link href="/resources/editable-files/index.xml" rel="self" type="application/rss+xml" />
    <item>
      <title>Presentation Slide Deck (PPTX - 21.1 MB)</title>
      <link>/resources/res6-013f21_presentation_slides2/data.json</link>
      <pubDate>Mon, 01 Jan 0001 00:00:00 +0000</pubDate>
      <guid>/resources/res6-013f21_presentation_slides2/data.json</guid>
      <description></description>
    </item>
  </channel>
</rss>
